NIS5;DATE;TX_DESCR_NL;TX_DESCR_FR;TX_ADM_DSTR_DESCR_NL;TX_ADM_DSTR_DESCR_FR;PROVINCE;REGION;CASES
21001;2021-02-01;Anderlecht;Anderlecht;Arrondissement Brussel-Hoofdstad;Arrondissement de Bruxelles-Capitale;Brussels;Brussels;43
21002;2021-02-01;Oudergem;Auderghem;Arrondissement Brussel-Hoofdstad;Arrondissement de Bruxelles-Capitale;Brussels;Brussels;8
21003;2021-02-01;Sint-Agatha-Berchem;Berchem-Sainte-Agathe;Arrondissement Brussel-Hoofdstad;Arrondissement de Bruxelles-Capitale;Brussels;Brussels;<5
21004;2021-02-01;Brussel;Bruxelles;Arrondissement Brussel-Hoofdstad;Arrondissement de Bruxelles-Capitale;Brussels;Brussels;46
21005;2021-02-01;Etterbeek;Etterbeek;Arrondissement Brussel-Hoofdstad;Arrondissement de Bruxelles-Capitale;Brussels;Brussels;15
21006;2021-02-01;Evere;Evere;Arrondissement Brussel-Hoofdstad;Arrondissement de Bruxelles-Capitale;Brussels;Brussels;19
21007;2021-02-01;Vorst (Brussel-Hoofdstad);Forest (Bruxelles-Capitale);Arrondissement Brussel-Hoofdstad;Arrondissement de Bruxelles-Capitale;Brussels;Brussels;21
21008;2021-02-01;Ganshoren;Ganshoren;Arrondissement Brussel-Hoofdstad;Arrondissement de Bruxelles-Capitale;Brussels;Brussels;9
21009;2021-02-01;Elsene;Ixelles;Arrondissement Brussel-Hoofdstad;Arrondissement de Bruxelles-Capitale;Brussels;Brussels;25
21010;2021-02-01;Jette;Jette;Arrondissement Brussel-Hoofdstad;Arrondissement de Bruxelles-Capitale;Brussels;Brussels;14
21011;2021-02-01;Koekelberg;Koekelberg;Arrondissement Brussel-Hoofdstad;Arrondissement de Bruxelles-Capitale;Brussels;Brussels;8
21012;2021-02-01;Sint-Jans-Molenbeek;Molenbeek-Saint-Jean;Arrondissement Brussel-Hoofdstad;Arrondissement de Bruxelles-Capitale;Brussels;Brussels;28
21013;2021-02-01;Sint-Gillis;Saint-Gilles;Arrondissement Brussel-Hoofdstad;Arrondissement de Bruxelles-Capitale;Brussels;Brussels;15
21014;2021-02-01;Sint-Joost-ten-Node;Saint-Josse-ten-Noode;Arrondissement Brussel-Hoofdstad;Arrondissement de Bruxelles-Capitale;Brussels;Brussels;<5
21015;2021-02-01;Schaarbeek;Schaerbeek;Arrondissement Brussel-Hoofdstad;Arrondissement de Bruxelles-Capitale;Brussels;Brussels;30
21016;2021-02-01;Ukkel;Uccle;Arrondissement Brussel-Hoofdstad;Arrondissement de Bruxelles-Capitale;Brussels;Brussels;26
21017;2021-02-01;Watermaal-Bosvoorde;Watermael-Boitsfort;Arrondissement Brussel-Hoofdstad;Arrondissement de Bruxelles-Capitale;Brussels;Brussels;7
21018;2021-02-01;Sint-Lambrechts-Woluwe;Woluwe-Saint-Lambert;Arrondissement Brussel-Hoofdstad;Arrondissement de Bruxelles-Capitale;Brussels;Brussels;21
21019;2021-02-01;Sint-Pieters-Woluwe;Woluwe-Saint-Pierre;Arrondissement Brussel-Hoofdstad;Arrondissement de Bruxelles-Capitale;Brussels;Brussels;11
21001;2021-02-02;Anderlecht;Anderlecht;Arrondissement Brussel-Hoofdstad;Arrondissement de Bruxelles-Capitale;Brussels;Brussels;27
21002;2021-02-02;Oudergem;Auderghem;Arrondissement Brussel-Hoofdstad;Arrondissement de Bruxelles-Capitale;Brussels;Brussels;8
21003;2021-02-02;Sint-Agatha-Berchem;Berchem-Sainte-Agathe;Arrondissement Brussel-Hoofdstad;Arrondissement de Bruxelles-Capitale;Brussels;Brussels;7
21004;2021-02-02;Brussel;Bruxelles;Arrondissement Brussel-Hoofdstad;Arrondissement de Bruxelles-Capitale;Brussels;Brussels;35
21005;2021-02-02;Etterbeek;Etterbeek;Arrondissement Brussel-Hoofdstad;Arrondissement de Bruxelles-Capitale;Brussels;Brussels;14
21006;2021-02-02;Evere;Evere;Arrondissement Brussel-Hoofdstad;Arrondissement de Bruxelles-Capitale;Brussels;Brussels;8
21007;2021-02-02;Vorst (Brussel-Hoofdstad);Forest (Bruxelles-Capitale);Arrondissement Brussel-Hoofdstad;Arrondissement de Bruxelles-Capitale;Brussels;Brussels;14
21008;2021-02-02;Ganshoren;Ganshoren;Arrondissement Brussel-Hoofdstad;Arrondissement de Bruxelles-Capitale;Brussels;Brussels;7
21009;2021-02-02;Elsene;Ixelles;Arrondissement Brussel-Hoofdstad;Arrondissement de Bruxelles-Capitale;Brussels;Brussels;21
21010;2021-02-02;Jette;Jette;Arrondissement Brussel-Hoofdstad;Arrondissement de Bruxelles-Capitale;Brussels;Brussels;8
21011;2021-02-02;Koekelberg;Koekelberg;Arrondissement Brussel-Hoofdstad;Arrondissement de Bruxelles-Capitale;Brussels;Brussels;8
21012;2021-02-02;Sint-Jans-Molenbeek;Molenbeek-Saint-Jean;Arrondissement Brussel-Hoofdstad;Arrondissement de Bruxelles-Capitale;Brussels;Brussels;31
21013;2021-02-02;Sint-Gillis;Saint-Gilles;Arrondissement Brussel-Hoofdstad;Arrondissement de Bruxelles-Capitale;Brussels;Brussels;5
21014;2021-02-02;Sint-Joost-ten-Node;Saint-Josse-ten-Noode;Arrondissement Brussel-Hoofdstad;Arrondissement de Bruxelles-Capitale;Brussels;Brussels;5
21015;2021-02-02;Schaarbeek;Schaerbeek;Arrondissement Brussel-Hoofdstad;Arrondissement de Bruxelles-Capitale;Brussels;Brussels;27
21016;2021-02-02;Ukkel;Uccle;Arrondissement Brussel-Hoofdstad;Arrondissement de Bruxelles-Capitale;Brussels;Brussels;23
21017;2021-02-02;Watermaal-Bosvoorde;Watermael-Boitsfort;Arrondissement Brussel-Hoofdstad;Arrondissement de Bruxelles-Capitale;Brussels;Brussels;8
21018;2021-02-02;Sint-Lambrechts-Woluwe;Woluwe-Saint-Lambert;Arrondissement Brussel-Hoofdstad;Arrondissement de Bruxelles-Capitale;Brussels;Brussels;8
21019;2021-02-02;Sint-Pieters-Woluwe;Woluwe-Saint-Pierre;Arrondissement Brussel-Hoofdstad;Arrondissement de Bruxelles-Capitale;Brussels;Brussels;12
21001;2021-02-03;Anderlecht;Anderlecht;Arrondissement Brussel-Hoofdstad;Arrondissement de Bruxelles-Capitale;Brussels;Brussels;18
21002;2021-02-03;Oudergem;Auderghem;Arrondissement Brussel-Hoofdstad;Arrondissement de Bruxelles-Capitale;Brussels;Brussels;7
21003;2021-02-03;Sint-Agatha-Berchem;Berchem-Sainte-Agathe;Arrondissement Brussel-Hoofdstad;Arrondissement de Bruxelles-Capitale;Brussels;Brussels;8
21004;2021-02-03;Brussel;Bruxelles;Arrondissement Brussel-Hoofdstad;Arrondissement de Bruxelles-Capitale;Brussels;Brussels;32
21005;2021-02-03;Etterbeek;Etterbeek;Arrondissement Brussel-Hoofdstad;Arrondissement de Bruxelles-Capitale;Brussels;Brussels;10
21006;2021-02-03;Evere;Evere;Arrondissement Brussel-Hoofdstad;Arrondissement de Bruxelles-Capitale;Brussels;Brussels;12
21007;2021-02-03;Vorst (Brussel-Hoofdstad);Forest (Bruxelles-Capitale);Arrondissement Brussel-Hoofdstad;Arrondissement de Bruxelles-Capitale;Brussels;Brussels;20
21008;2021-02-03;Ganshoren;Ganshoren;Arrondissement Brussel-Hoofdstad;Arrondissement de Bruxelles-Capitale;Brussels;Brussels;5
21009;2021-02-03;Elsene;Ixelles;Arrondissement Brussel-Hoofdstad;Arrondissement de Bruxelles-Capitale;Brussels;Brussels;19
21010;2021-02-03;Jette;Jette;Arrondissement Brussel-Hoofdstad;Arrondissement de Bruxelles-Capitale;Brussels;Brussels;10
21011;2021-02-03;Koekelberg;Koekelberg;Arrondissement Brussel-Hoofdstad;Arrondissement de Bruxelles-Capitale;Brussels;Brussels;6
21012;2021-02-03;Sint-Jans-Molenbeek;Molenbeek-Saint-Jean;Arrondissement Brussel-Hoofdstad;Arrondissement de Bruxelles-Capitale;Brussels;Brussels;16
21013;2021-02-03;Sint-Gillis;Saint-Gilles;Arrondissement Brussel-Hoofdstad;Arrondissement de Bruxelles-Capitale;Brussels;Brussels;8
21014;2021-02-03;Sint-Joost-ten-Node;Saint-Josse-ten-Noode;Arrondissement Brussel-Hoofdstad;Arrondissement de Bruxelles-Capitale;Brussels;Brussels;<5
21015;2021-02-03;Schaarbeek;Schaerbeek;Arrondissement Brussel-Hoofdstad;Arrondissement de Bruxelles-Capitale;Brussels;Brussels;25
21016;2021-02-03;Ukkel;Uccle;Arrondissement Brussel-Hoofdstad;Arrondissement de Bruxelles-Capitale;Brussels;Brussels;14
21017;2021-02-03;Watermaal-Bosvoorde;Watermael-Boitsfort;Arrondissement Brussel-Hoofdstad;Arrondissement de Bruxelles-Capitale;Brussels;Brussels;7
21018;2021-02-03;Sint-Lambrechts-Woluwe;Woluwe-Saint-Lambert;Arrondissement Brussel-Hoofdstad;Arrondissement de Bruxelles-Capitale;Brussels;Brussels;10
21019;2021-02-03;Sint-Pieters-Woluwe;Woluwe-Saint-Pierre;Arrondissement Brussel-Hoofdstad;Arrondissement de Bruxelles-Capitale;Brussels;Brussels;13
21001;2021-02-04;Anderlecht;Anderlecht;Arrondissement Brussel-Hoofdstad;Arrondissement de Bruxelles-Capitale;Brussels;Brussels;19
21002;2021-02-04;Oudergem;Auderghem;Arrondissement Brussel-Hoofdstad;Arrondissement de Bruxelles-Capitale;Brussels;Brussels;<5
21003;2021-02-04;Sint-Agatha-Berchem;Berchem-Sainte-Agathe;Arrondissement Brussel-Hoofdstad;Arrondissement de Bruxelles-Capitale;Brussels;Brussels;9
21004;2021-02-04;Brussel;Bruxelles;Arrondissement Brussel-Hoofdstad;Arrondissement de Bruxelles-Capitale;Brussels;Brussels;45
21005;2021-02-04;Etterbeek;Etterbeek;Arrondissement Brussel-Hoofdstad;Arrondissement de Bruxelles-Capitale;Brussels;Brussels;14
21006;2021-02-04;Evere;Evere;Arrondissement Brussel-Hoofdstad;Arrondissement de Bruxelles-Capitale;Brussels;Brussels;8
21007;2021-02-04;Vorst (Brussel-Hoofdstad);Forest (Bruxelles-Capitale);Arrondissement Brussel-Hoofdstad;Arrondissement de Bruxelles-Capitale;Brussels;Brussels;16
21008;2021-02-04;Ganshoren;Ganshoren;Arrondissement Brussel-Hoofdstad;Arrondissement de Bruxelles-Capitale;Brussels;Brussels;<5
21009;2021-02-04;Elsene;Ixelles;Arrondissement Brussel-Hoofdstad;Arrondissement de Bruxelles-Capitale;Brussels;Brussels;23
21010;2021-02-04;Jette;Jette;Arrondissement Brussel-Hoofdstad;Arrondissement de Bruxelles-Capitale;Brussels;Brussels;6
21011;2021-02-04;Koekelberg;Koekelberg;Arrondissement Brussel-Hoofdstad;Arrondissement de Bruxelles-Capitale;Brussels;Brussels;7
21012;2021-02-04;Sint-Jans-Molenbeek;Molenbeek-Saint-Jean;Arrondissement Brussel-Hoofdstad;Arrondissement de Bruxelles-Capitale;Brussels;Brussels;26
21013;2021-02-04;Sint-Gillis;Saint-Gilles;Arrondissement Brussel-Hoofdstad;Arrondissement de Bruxelles-Capitale;Brussels;Brussels;11
21014;2021-02-04;Sint-Joost-ten-Node;Saint-Josse-ten-Noode;Arrondissement Brussel-Hoofdstad;Arrondissement de Bruxelles-Capitale;Brussels;Brussels;6
21015;2021-02-04;Schaarbeek;Schaerbeek;Arrondissement Brussel-Hoofdstad;Arrondissement de Bruxelles-Capitale;Brussels;Brussels;33
21016;2021-02-04;Ukkel;Uccle;Arrondissement Brussel-Hoofdstad;Arrondissement de Bruxelles-Capitale;Brussels;Brussels;26
21017;2021-02-04;Watermaal-Bosvoorde;Watermael-Boitsfort;Arrondissement Brussel-Hoofdstad;Arrondissement de Bruxelles-Capitale;Brussels;Brussels;6
21018;2021-02-04;Sint-Lambrechts-Woluwe;Woluwe-Saint-Lambert;Arrondissement Brussel-Hoofdstad;Arrondissement de Bruxelles-Capitale;Brussels;Brussels;10
21019;2021-02-04;Sint-Pieters-Woluwe;Woluwe-Saint-Pierre;Arrondissement Brussel-Hoofdstad;Arrondissement de Bruxelles-Capitale;Brussels;Brussels;5
21001;2021-02-05;Anderlecht;Anderlecht;Arrondissement Brussel-Hoofdstad;Arrondissement de Bruxelles-Capitale;Brussels;Brussels;33
21002;2021-02-05;Oudergem;Auderghem;Arrondissement Brussel-Hoofdstad;Arrondissement de Bruxelles-Capitale;Brussels;Brussels;9
21003;2021-02-05;Sint-Agatha-Berchem;Berchem-Sainte-Agathe;Arrondissement Brussel-Hoofdstad;Arrondissement de Bruxelles-Capitale;Brussels;Brussels;7
21004;2021-02-05;Brussel;Bruxelles;Arrondissement Brussel-Hoofdstad;Arrondissement de Bruxelles-Capitale;Brussels;Brussels;35
21005;2021-02-05;Etterbeek;Etterbeek;Arrondissement Brussel-Hoofdstad;Arrondissement de Bruxelles-Capitale;Brussels;Brussels;12
21006;2021-02-05;Evere;Evere;Arrondissement Brussel-Hoofdstad;Arrondissement de Bruxelles-Capitale;Brussels;Brussels;12
21007;2021-02-05;Vorst (Brussel-Hoofdstad);Forest (Bruxelles-Capitale);Arrondissement Brussel-Hoofdstad;Arrondissement de Bruxelles-Capitale;Brussels;Brussels;17
21008;2021-02-05;Ganshoren;Ganshoren;Arrondissement Brussel-Hoofdstad;Arrondissement de Bruxelles-Capitale;Brussels;Brussels;<5
21009;2021-02-05;Elsene;Ixelles;Arrondissement Brussel-Hoofdstad;Arrondissement de Bruxelles-Capitale;Brussels;Brussels;12
21010;2021-02-05;Jette;Jette;Arrondissement Brussel-Hoofdstad;Arrondissement de Bruxelles-Capitale;Brussels;Brussels;12
21011;2021-02-05;Koekelberg;Koekelberg;Arrondissement Brussel-Hoofdstad;Arrondissement de Bruxelles-Capitale;Brussels;Brussels;<5
21012;2021-02-05;Sint-Jans-Molenbeek;Molenbeek-Saint-Jean;Arrondissement Brussel-Hoofdstad;Arrondissement de Bruxelles-Capitale;Brussels;Brussels;18
21013;2021-02-05;Sint-Gillis;Saint-Gilles;Arrondissement Brussel-Hoofdstad;Arrondissement de Bruxelles-Capitale;Brussels;Brussels;16
21014;2021-02-05;Sint-Joost-ten-Node;Saint-Josse-ten-Noode;Arrondissement Brussel-Hoofdstad;Arrondissement de Bruxelles-Capitale;Brussels;Brussels;14
21015;2021-02-05;Schaarbeek;Schaerbeek;Arrondissement Brussel-Hoofdstad;Arrondissement de Bruxelles-Capitale;Brussels;Brussels;32
21016;2021-02-05;Ukkel;Uccle;Arrondissement Brussel-Hoofdstad;Arrondissement de Bruxelles-Capitale;Brussels;Brussels;7
21017;2021-02-05;Watermaal-Bosvoorde;Watermael-Boitsfort;Arrondissement Brussel-Hoofdstad;Arrondissement de Bruxelles-Capitale;Brussels;Brussels;5
21018;2021-02-05;Sint-Lambrechts-Woluwe;Woluwe-Saint-Lambert;Arrondissement Brussel-Hoofdstad;Arrondissement de Bruxelles-Capitale;Brussels;Brussels;17
21019;2021-02-05;Sint-Pieters-Woluwe;Woluwe-Saint-Pierre;Arrondissement Brussel-Hoofdstad;Arrondissement de Bruxelles-Capitale;Brussels;Brussels;11
21001;2021-02-06;Anderlecht;Anderlecht;Arrondissement Brussel-Hoofdstad;Arrondissement de Bruxelles-Capitale;Brussels;Brussels;12
21002;2021-02-06;Oudergem;Auderghem;Arrondissement Brussel-Hoofdstad;Arrondissement de Bruxelles-Capitale;Brussels;Brussels;6
21003;2021-02-06;Sint-Agatha-Berchem;Berchem-Sainte-Agathe;Arrondissement Brussel-Hoofdstad;Arrondissement de Bruxelles-Capitale;Brussels;Brussels;<5
21004;2021-02-06;Brussel;Bruxelles;Arrondissement Brussel-Hoofdstad;Arrondissement de Bruxelles-Capitale;Brussels;Brussels;21
21005;2021-02-06;Etterbeek;Etterbeek;Arrondissement Brussel-Hoofdstad;Arrondissement de Bruxelles-Capitale;Brussels;Brussels;9
21006;2021-02-06;Evere;Evere;Arrondissement Brussel-Hoofdstad;Arrondissement de Bruxelles-Capitale;Brussels;Brussels;5
21007;2021-02-06;Vorst (Brussel-Hoofdstad);Forest (Bruxelles-Capitale);Arrondissement Brussel-Hoofdstad;Arrondissement de Bruxelles-Capitale;Brussels;Brussels;13
21008;2021-02-06;Ganshoren;Ganshoren;Arrondissement Brussel-Hoofdstad;Arrondissement de Bruxelles-Capitale;Brussels;Brussels;<5
21009;2021-02-06;Elsene;Ixelles;Arrondissement Brussel-Hoofdstad;Arrondissement de Bruxelles-Capitale;Brussels;Brussels;7
21010;2021-02-06;Jette;Jette;Arrondissement Brussel-Hoofdstad;Arrondissement de Bruxelles-Capitale;Brussels;Brussels;9
21011;2021-02-06;Koekelberg;Koekelberg;Arrondissement Brussel-Hoofdstad;Arrondissement de Bruxelles-Capitale;Brussels;Brussels;5
21012;2021-02-06;Sint-Jans-Molenbeek;Molenbeek-Saint-Jean;Arrondissement Brussel-Hoofdstad;Arrondissement de Bruxelles-Capitale;Brussels;Brussels;12
21013;2021-02-06;Sint-Gillis;Saint-Gilles;Arrondissement Brussel-Hoofdstad;Arrondissement de Bruxelles-Capitale;Brussels;Brussels;10
21014;2021-02-06;Sint-Joost-ten-Node;Saint-Josse-ten-Noode;Arrondissement Brussel-Hoofdstad;Arrondissement de Bruxelles-Capitale;Brussels;Brussels;<5
21015;2021-02-06;Schaarbeek;Schaerbeek;Arrondissement Brussel-Hoofdstad;Arrondissement de Bruxelles-Capitale;Brussels;Brussels;14
21016;2021-02-06;Ukkel;Uccle;Arrondissement Brussel-Hoofdstad;Arrondissement de Bruxelles-Capitale;Brussels;Brussels;13
21017;2021-02-06;Watermaal-Bosvoorde;Watermael-Boitsfort;Arrondissement Brussel-Hoofdstad;Arrondissement de Bruxelles-Capitale;Brussels;Brussels;6
21018;2021-02-06;Sint-Lambrechts-Woluwe;Woluwe-Saint-Lambert;Arrondissement Brussel-Hoofdstad;Arrondissement de Bruxelles-Capitale;Brussels;Brussels;5
21019;2021-02-06;Sint-Pieters-Woluwe;Woluwe-Saint-Pierre;Arrondissement Brussel-Hoofdstad;Arrondissement de Bruxelles-Capitale;Brussels;Brussels;6
21001;2021-02-07;Anderlecht;Anderlecht;Arrondissement Brussel-Hoofdstad;Arrondissement de Bruxelles-Capitale;Brussels;Brussels;7
21002;2021-02-07;Oudergem;Auderghem;Arrondissement Brussel-Hoofdstad;Arrondissement de Bruxelles-Capitale;Brussels;Brussels;<5
21004;2021-02-07;Brussel;Bruxelles;Arrondissement Brussel-Hoofdstad;Arrondissement de Bruxelles-Capitale;Brussels;Brussels;5
21005;2021-02-07;Etterbeek;Etterbeek;Arrondissement Brussel-Hoofdstad;Arrondissement de Bruxelles-Capitale;Brussels;Brussels;10
21006;2021-02-07;Evere;Evere;Arrondissement Brussel-Hoofdstad;Arrondissement de Bruxelles-Capitale;Brussels;Brussels;<5
21007;2021-02-07;Vorst (Brussel-Hoofdstad);Forest (Bruxelles-Capitale);Arrondissement Brussel-Hoofdstad;Arrondissement de Bruxelles-Capitale;Brussels;Brussels;<5
21009;2021-02-07;Elsene;Ixelles;Arrondissement Brussel-Hoofdstad;Arrondissement de Bruxelles-Capitale;Brussels;Brussels;10
21010;2021-02-07;Jette;Jette;Arrondissement Brussel-Hoofdstad;Arrondissement de Bruxelles-Capitale;Brussels;Brussels;<5
21011;2021-02-07;Koekelberg;Koekelberg;Arrondissement Brussel-Hoofdstad;Arrondissement de Bruxelles-Capitale;Brussels;Brussels;<5
21012;2021-02-07;Sint-Jans-Molenbeek;Molenbeek-Saint-Jean;Arrondissement Brussel-Hoofdstad;Arrondissement de Bruxelles-Capitale;Brussels;Brussels;<5
21013;2021-02-07;Sint-Gillis;Saint-Gilles;Arrondissement Brussel-Hoofdstad;Arrondissement de Bruxelles-Capitale;Brussels;Brussels;<5
21014;2021-02-07;Sint-Joost-ten-Node;Saint-Josse-ten-Noode;Arrondissement Brussel-Hoofdstad;Arrondissement de Bruxelles-Capitale;Brussels;Brussels;<5
21015;2021-02-07;Schaarbeek;Schaerbeek;Arrondissement Brussel-Hoofdstad;Arrondissement de Bruxelles-Capitale;Brussels;Brussels;9
21016;2021-02-07;Ukkel;Uccle;Arrondissement Brussel-Hoofdstad;Arrondissement de Bruxelles-Capitale;Brussels;Brussels;<5
21017;2021-02-07;Watermaal-Bosvoorde;Watermael-Boitsfort;Arrondissement Brussel-Hoofdstad;Arrondissement de Bruxelles-Capitale;Brussels;Brussels;<5
21018;2021-02-07;Sint-Lambrechts-Woluwe;Woluwe-Saint-Lambert;Arrondissement Brussel-Hoofdstad;Arrondissement de Bruxelles-Capitale;Brussels;Brussels;<5
21019;2021-02-07;Sint-Pieters-Woluwe;Woluwe-Saint-Pierre;Arrondissement Brussel-Hoofdstad;Arrondissement de Bruxelles-Capitale;Brussels;Brussels;<5
21001;2021-02-08;Anderlecht;Anderlecht;Arrondissement Brussel-Hoofdstad;Arrondissement de Bruxelles-Capitale;Brussels;Brussels;19
21002;2021-02-08;Oudergem;Auderghem;Arrondissement Brussel-Hoofdstad;Arrondissement de Bruxelles-Capitale;Brussels;Brussels;11
21003;2021-02-08;Sint-Agatha-Berchem;Berchem-Sainte-Agathe;Arrondissement Brussel-Hoofdstad;Arrondissement de Bruxelles-Capitale;Brussels;Brussels;<5
21004;2021-02-08;Brussel;Bruxelles;Arrondissement Brussel-Hoofdstad;Arrondissement de Bruxelles-Capitale;Brussels;Brussels;27
21005;2021-02-08;Etterbeek;Etterbeek;Arrondissement Brussel-Hoofdstad;Arrondissement de Bruxelles-Capitale;Brussels;Brussels;9
21006;2021-02-08;Evere;Evere;Arrondissement Brussel-Hoofdstad;Arrondissement de Bruxelles-Capitale;Brussels;Brussels;6
21007;2021-02-08;Vorst (Brussel-Hoofdstad);Forest (Bruxelles-Capitale);Arrondissement Brussel-Hoofdstad;Arrondissement de Bruxelles-Capitale;Brussels;Brussels;11
21008;2021-02-08;Ganshoren;Ganshoren;Arrondissement Brussel-Hoofdstad;Arrondissement de Bruxelles-Capitale;Brussels;Brussels;<5
21009;2021-02-08;Elsene;Ixelles;Arrondissement Brussel-Hoofdstad;Arrondissement de Bruxelles-Capitale;Brussels;Brussels;28
21010;2021-02-08;Jette;Jette;Arrondissement Brussel-Hoofdstad;Arrondissement de Bruxelles-Capitale;Brussels;Brussels;7
21011;2021-02-08;Koekelberg;Koekelberg;Arrondissement Brussel-Hoofdstad;Arrondissement de Bruxelles-Capitale;Brussels;Brussels;<5
21012;2021-02-08;Sint-Jans-Molenbeek;Molenbeek-Saint-Jean;Arrondissement Brussel-Hoofdstad;Arrondissement de Bruxelles-Capitale;Brussels;Brussels;16
21013;2021-02-08;Sint-Gillis;Saint-Gilles;Arrondissement Brussel-Hoofdstad;Arrondissement de Bruxelles-Capitale;Brussels;Brussels;8
21014;2021-02-08;Sint-Joost-ten-Node;Saint-Josse-ten-Noode;Arrondissement Brussel-Hoofdstad;Arrondissement de Bruxelles-Capitale;Brussels;Brussels;17
21015;2021-02-08;Schaarbeek;Schaerbeek;Arrondissement Brussel-Hoofdstad;Arrondissement de Bruxelles-Capitale;Brussels;Brussels;40
21016;2021-02-08;Ukkel;Uccle;Arrondissement Brussel-Hoofdstad;Arrondissement de Bruxelles-Capitale;Brussels;Brussels;15
21017;2021-02-08;Watermaal-Bosvoorde;Watermael-Boitsfort;Arrondissement Brussel-Hoofdstad;Arrondissement de Bruxelles-Capitale;Brussels;Brussels;6
21018;2021-02-08;Sint-Lambrechts-Woluwe;Woluwe-Saint-Lambert;Arrondissement Brussel-Hoofdstad;Arrondissement de Bruxelles-Capitale;Brussels;Brussels;12
21019;2021-02-08;Sint-Pieters-Woluwe;Woluwe-Saint-Pierre;Arrondissement Brussel-Hoofdstad;Arrondissement de Bruxelles-Capitale;Brussels;Brussels;11
21001;2021-02-09;Anderlecht;Anderlecht;Arrondissement Brussel-Hoofdstad;Arrondissement de Bruxelles-Capitale;Brussels;Brussels;39
21002;2021-02-09;Oudergem;Auderghem;Arrondissement Brussel-Hoofdstad;Arrondissement de Bruxelles-Capitale;Brussels;Brussels;12
21003;2021-02-09;Sint-Agatha-Berchem;Berchem-Sainte-Agathe;Arrondissement Brussel-Hoofdstad;Arrondissement de Bruxelles-Capitale;Brussels;Brussels;10
21004;2021-02-09;Brussel;Bruxelles;Arrondissement Brussel-Hoofdstad;Arrondissement de Bruxelles-Capitale;Brussels;Brussels;41
21005;2021-02-09;Etterbeek;Etterbeek;Arrondissement Brussel-Hoofdstad;Arrondissement de Bruxelles-Capitale;Brussels;Brussels;9
21006;2021-02-09;Evere;Evere;Arrondissement Brussel-Hoofdstad;Arrondissement de Bruxelles-Capitale;Brussels;Brussels;10
21007;2021-02-09;Vorst (Brussel-Hoofdstad);Forest (Bruxelles-Capitale);Arrondissement Brussel-Hoofdstad;Arrondissement de Bruxelles-Capitale;Brussels;Brussels;21
21008;2021-02-09;Ganshoren;Ganshoren;Arrondissement Brussel-Hoofdstad;Arrondissement de Bruxelles-Capitale;Brussels;Brussels;9
21009;2021-02-09;Elsene;Ixelles;Arrondissement Brussel-Hoofdstad;Arrondissement de Bruxelles-Capitale;Brussels;Brussels;16
21010;2021-02-09;Jette;Jette;Arrondissement Brussel-Hoofdstad;Arrondissement de Bruxelles-Capitale;Brussels;Brussels;17
21011;2021-02-09;Koekelberg;Koekelberg;Arrondissement Brussel-Hoofdstad;Arrondissement de Bruxelles-Capitale;Brussels;Brussels;7
21012;2021-02-09;Sint-Jans-Molenbeek;Molenbeek-Saint-Jean;Arrondissement Brussel-Hoofdstad;Arrondissement de Bruxelles-Capitale;Brussels;Brussels;22
21013;2021-02-09;Sint-Gillis;Saint-Gilles;Arrondissement Brussel-Hoofdstad;Arrondissement de Bruxelles-Capitale;Brussels;Brussels;13
21014;2021-02-09;Sint-Joost-ten-Node;Saint-Josse-ten-Noode;Arrondissement Brussel-Hoofdstad;Arrondissement de Bruxelles-Capitale;Brussels;Brussels;5
21015;2021-02-09;Schaarbeek;Schaerbeek;Arrondissement Brussel-Hoofdstad;Arrondissement de Bruxelles-Capitale;Brussels;Brussels;33
21016;2021-02-09;Ukkel;Uccle;Arrondissement Brussel-Hoofdstad;Arrondissement de Bruxelles-Capitale;Brussels;Brussels;30
21017;2021-02-09;Watermaal-Bosvoorde;Watermael-Boitsfort;Arrondissement Brussel-Hoofdstad;Arrondissement de Bruxelles-Capitale;Brussels;Brussels;<5
21018;2021-02-09;Sint-Lambrechts-Woluwe;Woluwe-Saint-Lambert;Arrondissement Brussel-Hoofdstad;Arrondissement de Bruxelles-Capitale;Brussels;Brussels;16
21019;2021-02-09;Sint-Pieters-Woluwe;Woluwe-Saint-Pierre;Arrondissement Brussel-Hoofdstad;Arrondissement de Bruxelles-Capitale;Brussels;Brussels;12
21001;2021-02-10;Anderlecht;Anderlecht;Arrondissement Brussel-Hoofdstad;Arrondissement de Bruxelles-Capitale;Brussels;Brussels;22
21002;2021-02-10;Oudergem;Auderghem;Arrondissement Brussel-Hoofdstad;Arrondissement de Bruxelles-Capitale;Brussels;Brussels;11
21003;2021-02-10;Sint-Agatha-Berchem;Berchem-Sainte-Agathe;Arrondissement Brussel-Hoofdstad;Arrondissement de Bruxelles-Capitale;Brussels;Brussels;8
21004;2021-02-10;Brussel;Bruxelles;Arrondissement Brussel-Hoofdstad;Arrondissement de Bruxelles-Capitale;Brussels;Brussels;34
21005;2021-02-10;Etterbeek;Etterbeek;Arrondissement Brussel-Hoofdstad;Arrondissement de Bruxelles-Capitale;Brussels;Brussels;10
21006;2021-02-10;Evere;Evere;Arrondissement Brussel-Hoofdstad;Arrondissement de Bruxelles-Capitale;Brussels;Brussels;6
21007;2021-02-10;Vorst (Brussel-Hoofdstad);Forest (Bruxelles-Capitale);Arrondissement Brussel-Hoofdstad;Arrondissement de Bruxelles-Capitale;Brussels;Brussels;11
21008;2021-02-10;Ganshoren;Ganshoren;Arrondissement Brussel-Hoofdstad;Arrondissement de Bruxelles-Capitale;Brussels;Brussels;6
21009;2021-02-10;Elsene;Ixelles;Arrondissement Brussel-Hoofdstad;Arrondissement de Bruxelles-Capitale;Brussels;Brussels;17
21010;2021-02-10;Jette;Jette;Arrondissement Brussel-Hoofdstad;Arrondissement de Bruxelles-Capitale;Brussels;Brussels;6
21011;2021-02-10;Koekelberg;Koekelberg;Arrondissement Brussel-Hoofdstad;Arrondissement de Bruxelles-Capitale;Brussels;Brussels;<5
21012;2021-02-10;Sint-Jans-Molenbeek;Molenbeek-Saint-Jean;Arrondissement Brussel-Hoofdstad;Arrondissement de Bruxelles-Capitale;Brussels;Brussels;19
21013;2021-02-10;Sint-Gillis;Saint-Gilles;Arrondissement Brussel-Hoofdstad;Arrondissement de Bruxelles-Capitale;Brussels;Brussels;11
21014;2021-02-10;Sint-Joost-ten-Node;Saint-Josse-ten-Noode;Arrondissement Brussel-Hoofdstad;Arrondissement de Bruxelles-Capitale;Brussels;Brussels;11
21015;2021-02-10;Schaarbeek;Schaerbeek;Arrondissement Brussel-Hoofdstad;Arrondissement de Bruxelles-Capitale;Brussels;Brussels;30
21016;2021-02-10;Ukkel;Uccle;Arrondissement Brussel-Hoofdstad;Arrondissement de Bruxelles-Capitale;Brussels;Brussels;14
21017;2021-02-10;Watermaal-Bosvoorde;Watermael-Boitsfort;Arrondissement Brussel-Hoofdstad;Arrondissement de Bruxelles-Capitale;Brussels;Brussels;5
21018;2021-02-10;Sint-Lambrechts-Woluwe;Woluwe-Saint-Lambert;Arrondissement Brussel-Hoofdstad;Arrondissement de Bruxelles-Capitale;Brussels;Brussels;17
21019;2021-02-10;Sint-Pieters-Woluwe;Woluwe-Saint-Pierre;Arrondissement Brussel-Hoofdstad;Arrondissement de Bruxelles-Capitale;Brussels;Brussels;<5
21001;2021-02-11;Anderlecht;Anderlecht;Arrondissement Brussel-Hoofdstad;Arrondissement de Bruxelles-Capitale;Brussels;Brussels;23
21002;2021-02-11;Oudergem;Auderghem;Arrondissement Brussel-Hoofdstad;Arrondissement de Bruxelles-Capitale;Brussels;Brussels;11
21003;2021-02-11;Sint-Agatha-Berchem;Berchem-Sainte-Agathe;Arrondissement Brussel-Hoofdstad;Arrondissement de Bruxelles-Capitale;Brussels;Brussels;6
21004;2021-02-11;Brussel;Bruxelles;Arrondissement Brussel-Hoofdstad;Arrondissement de Bruxelles-Capitale;Brussels;Brussels;24
21005;2021-02-11;Etterbeek;Etterbeek;Arrondissement Brussel-Hoofdstad;Arrondissement de Bruxelles-Capitale;Brussels;Brussels;5
21006;2021-02-11;Evere;Evere;Arrondissement Brussel-Hoofdstad;Arrondissement de Bruxelles-Capitale;Brussels;Brussels;<5
21007;2021-02-11;Vorst (Brussel-Hoofdstad);Forest (Bruxelles-Capitale);Arrondissement Brussel-Hoofdstad;Arrondissement de Bruxelles-Capitale;Brussels;Brussels;11
21008;2021-02-11;Ganshoren;Ganshoren;Arrondissement Brussel-Hoofdstad;Arrondissement de Bruxelles-Capitale;Brussels;Brussels;8
21009;2021-02-11;Elsene;Ixelles;Arrondissement Brussel-Hoofdstad;Arrondissement de Bruxelles-Capitale;Brussels;Brussels;16
21010;2021-02-11;Jette;Jette;Arrondissement Brussel-Hoofdstad;Arrondissement de Bruxelles-Capitale;Brussels;Brussels;7
21011;2021-02-11;Koekelberg;Koekelberg;Arrondissement Brussel-Hoofdstad;Arrondissement de Bruxelles-Capitale;Brussels;Brussels;<5
21012;2021-02-11;Sint-Jans-Molenbeek;Molenbeek-Saint-Jean;Arrondissement Brussel-Hoofdstad;Arrondissement de Bruxelles-Capitale;Brussels;Brussels;15
21013;2021-02-11;Sint-Gillis;Saint-Gilles;Arrondissement Brussel-Hoofdstad;Arrondissement de Bruxelles-Capitale;Brussels;Brussels;11
21014;2021-02-11;Sint-Joost-ten-Node;Saint-Josse-ten-Noode;Arrondissement Brussel-Hoofdstad;Arrondissement de Bruxelles-Capitale;Brussels;Brussels;12
21015;2021-02-11;Schaarbeek;Schaerbeek;Arrondissement Brussel-Hoofdstad;Arrondissement de Bruxelles-Capitale;Brussels;Brussels;29
21016;2021-02-11;Ukkel;Uccle;Arrondissement Brussel-Hoofdstad;Arrondissement de Bruxelles-Capitale;Brussels;Brussels;20
21017;2021-02-11;Watermaal-Bosvoorde;Watermael-Boitsfort;Arrondissement Brussel-Hoofdstad;Arrondissement de Bruxelles-Capitale;Brussels;Brussels;5
21018;2021-02-11;Sint-Lambrechts-Woluwe;Woluwe-Saint-Lambert;Arrondissement Brussel-Hoofdstad;Arrondissement de Bruxelles-Capitale;Brussels;Brussels;15
21019;2021-02-11;Sint-Pieters-Woluwe;Woluwe-Saint-Pierre;Arrondissement Brussel-Hoofdstad;Arrondissement de Bruxelles-Capitale;Brussels;Brussels;<5
21001;2021-02-12;Anderlecht;Anderlecht;Arrondissement Brussel-Hoofdstad;Arrondissement de Bruxelles-Capitale;Brussels;Brussels;22
21002;2021-02-12;Oudergem;Auderghem;Arrondissement Brussel-Hoofdstad;Arrondissement de Bruxelles-Capitale;Brussels;Brussels;8
21003;2021-02-12;Sint-Agatha-Berchem;Berchem-Sainte-Agathe;Arrondissement Brussel-Hoofdstad;Arrondissement de Bruxelles-Capitale;Brussels;Brussels;<5
21004;2021-02-12;Brussel;Bruxelles;Arrondissement Brussel-Hoofdstad;Arrondissement de Bruxelles-Capitale;Brussels;Brussels;17
21005;2021-02-12;Etterbeek;Etterbeek;Arrondissement Brussel-Hoofdstad;Arrondissement de Bruxelles-Capitale;Brussels;Brussels;14
21006;2021-02-12;Evere;Evere;Arrondissement Brussel-Hoofdstad;Arrondissement de Bruxelles-Capitale;Brussels;Brussels;10
21007;2021-02-12;Vorst (Brussel-Hoofdstad);Forest (Bruxelles-Capitale);Arrondissement Brussel-Hoofdstad;Arrondissement de Bruxelles-Capitale;Brussels;Brussels;9
21008;2021-02-12;Ganshoren;Ganshoren;Arrondissement Brussel-Hoofdstad;Arrondissement de Bruxelles-Capitale;Brussels;Brussels;8
21009;2021-02-12;Elsene;Ixelles;Arrondissement Brussel-Hoofdstad;Arrondissement de Bruxelles-Capitale;Brussels;Brussels;23
21010;2021-02-12;Jette;Jette;Arrondissement Brussel-Hoofdstad;Arrondissement de Bruxelles-Capitale;Brussels;Brussels;8
21011;2021-02-12;Koekelberg;Koekelberg;Arrondissement Brussel-Hoofdstad;Arrondissement de Bruxelles-Capitale;Brussels;Brussels;5
21012;2021-02-12;Sint-Jans-Molenbeek;Molenbeek-Saint-Jean;Arrondissement Brussel-Hoofdstad;Arrondissement de Bruxelles-Capitale;Brussels;Brussels;17
21013;2021-02-12;Sint-Gillis;Saint-Gilles;Arrondissement Brussel-Hoofdstad;Arrondissement de Bruxelles-Capitale;Brussels;Brussels;10
21014;2021-02-12;Sint-Joost-ten-Node;Saint-Josse-ten-Noode;Arrondissement Brussel-Hoofdstad;Arrondissement de Bruxelles-Capitale;Brussels;Brussels;9
21015;2021-02-12;Schaarbeek;Schaerbeek;Arrondissement Brussel-Hoofdstad;Arrondissement de Bruxelles-Capitale;Brussels;Brussels;31
21016;2021-02-12;Ukkel;Uccle;Arrondissement Brussel-Hoofdstad;Arrondissement de Bruxelles-Capitale;Brussels;Brussels;18
21017;2021-02-12;Watermaal-Bosvoorde;Watermael-Boitsfort;Arrondissement Brussel-Hoofdstad;Arrondissement de Bruxelles-Capitale;Brussels;Brussels;6
21018;2021-02-12;Sint-Lambrechts-Woluwe;Woluwe-Saint-Lambert;Arrondissement Brussel-Hoofdstad;Arrondissement de Bruxelles-Capitale;Brussels;Brussels;7
21019;2021-02-12;Sint-Pieters-Woluwe;Woluwe-Saint-Pierre;Arrondissement Brussel-Hoofdstad;Arrondissement de Bruxelles-Capitale;Brussels;Brussels;7
21001;2021-02-13;Anderlecht;Anderlecht;Arrondissement Brussel-Hoofdstad;Arrondissement de Bruxelles-Capitale;Brussels;Brussels;17
21002;2021-02-13;Oudergem;Auderghem;Arrondissement Brussel-Hoofdstad;Arrondissement de Bruxelles-Capitale;Brussels;Brussels;14
21003;2021-02-13;Sint-Agatha-Berchem;Berchem-Sainte-Agathe;Arrondissement Brussel-Hoofdstad;Arrondissement de Bruxelles-Capitale;Brussels;Brussels;5
21004;2021-02-13;Brussel;Bruxelles;Arrondissement Brussel-Hoofdstad;Arrondissement de Bruxelles-Capitale;Brussels;Brussels;16
21005;2021-02-13;Etterbeek;Etterbeek;Arrondissement Brussel-Hoofdstad;Arrondissement de Bruxelles-Capitale;Brussels;Brussels;<5
21006;2021-02-13;Evere;Evere;Arrondissement Brussel-Hoofdstad;Arrondissement de Bruxelles-Capitale;Brussels;Brussels;11
21007;2021-02-13;Vorst (Brussel-Hoofdstad);Forest (Bruxelles-Capitale);Arrondissement Brussel-Hoofdstad;Arrondissement de Bruxelles-Capitale;Brussels;Brussels;12
21008;2021-02-13;Ganshoren;Ganshoren;Arrondissement Brussel-Hoofdstad;Arrondissement de Bruxelles-Capitale;Brussels;Brussels;<5
21009;2021-02-13;Elsene;Ixelles;Arrondissement Brussel-Hoofdstad;Arrondissement de Bruxelles-Capitale;Brussels;Brussels;14
21010;2021-02-13;Jette;Jette;Arrondissement Brussel-Hoofdstad;Arrondissement de Bruxelles-Capitale;Brussels;Brussels;6
21012;2021-02-13;Sint-Jans-Molenbeek;Molenbeek-Saint-Jean;Arrondissement Brussel-Hoofdstad;Arrondissement de Bruxelles-Capitale;Brussels;Brussels;6
21013;2021-02-13;Sint-Gillis;Saint-Gilles;Arrondissement Brussel-Hoofdstad;Arrondissement de Bruxelles-Capitale;Brussels;Brussels;11
21014;2021-02-13;Sint-Joost-ten-Node;Saint-Josse-ten-Noode;Arrondissement Brussel-Hoofdstad;Arrondissement de Bruxelles-Capitale;Brussels;Brussels;7
21015;2021-02-13;Schaarbeek;Schaerbeek;Arrondissement Brussel-Hoofdstad;Arrondissement de Bruxelles-Capitale;Brussels;Brussels;25
21016;2021-02-13;Ukkel;Uccle;Arrondissement Brussel-Hoofdstad;Arrondissement de Bruxelles-Capitale;Brussels;Brussels;9
21017;2021-02-13;Watermaal-Bosvoorde;Watermael-Boitsfort;Arrondissement Brussel-Hoofdstad;Arrondissement de Bruxelles-Capitale;Brussels;Brussels;5
21018;2021-02-13;Sint-Lambrechts-Woluwe;Woluwe-Saint-Lambert;Arrondissement Brussel-Hoofdstad;Arrondissement de Bruxelles-Capitale;Brussels;Brussels;10
21019;2021-02-13;Sint-Pieters-Woluwe;Woluwe-Saint-Pierre;Arrondissement Brussel-Hoofdstad;Arrondissement de Bruxelles-Capitale;Brussels;Brussels;5
21001;2021-02-14;Anderlecht;Anderlecht;Arrondissement Brussel-Hoofdstad;Arrondissement de Bruxelles-Capitale;Brussels;Brussels;6
21002;2021-02-14;Oudergem;Auderghem;Arrondissement Brussel-Hoofdstad;Arrondissement de Bruxelles-Capitale;Brussels;Brussels;<5
21003;2021-02-14;Sint-Agatha-Berchem;Berchem-Sainte-Agathe;Arrondissement Brussel-Hoofdstad;Arrondissement de Bruxelles-Capitale;Brussels;Brussels;<5
21004;2021-02-14;Brussel;Bruxelles;Arrondissement Brussel-Hoofdstad;Arrondissement de Bruxelles-Capitale;Brussels;Brussels;9
21005;2021-02-14;Etterbeek;Etterbeek;Arrondissement Brussel-Hoofdstad;Arrondissement de Bruxelles-Capitale;Brussels;Brussels;<5
21006;2021-02-14;Evere;Evere;Arrondissement Brussel-Hoofdstad;Arrondissement de Bruxelles-Capitale;Brussels;Brussels;5
21007;2021-02-14;Vorst (Brussel-Hoofdstad);Forest (Bruxelles-Capitale);Arrondissement Brussel-Hoofdstad;Arrondissement de Bruxelles-Capitale;Brussels;Brussels;6
21008;2021-02-14;Ganshoren;Ganshoren;Arrondissement Brussel-Hoofdstad;Arrondissement de Bruxelles-Capitale;Brussels;Brussels;<5
21009;2021-02-14;Elsene;Ixelles;Arrondissement Brussel-Hoofdstad;Arrondissement de Bruxelles-Capitale;Brussels;Brussels;10
21010;2021-02-14;Jette;Jette;Arrondissement Brussel-Hoofdstad;Arrondissement de Bruxelles-Capitale;Brussels;Brussels;<5
21012;2021-02-14;Sint-Jans-Molenbeek;Molenbeek-Saint-Jean;Arrondissement Brussel-Hoofdstad;Arrondissement de Bruxelles-Capitale;Brussels;Brussels;<5
21013;2021-02-14;Sint-Gillis;Saint-Gilles;Arrondissement Brussel-Hoofdstad;Arrondissement de Bruxelles-Capitale;Brussels;Brussels;<5
21014;2021-02-14;Sint-Joost-ten-Node;Saint-Josse-ten-Noode;Arrondissement Brussel-Hoofdstad;Arrondissement de Bruxelles-Capitale;Brussels;Brussels;<5
21015;2021-02-14;Schaarbeek;Schaerbeek;Arrondissement Brussel-Hoofdstad;Arrondissement de Bruxelles-Capitale;Brussels;Brussels;9
21016;2021-02-14;Ukkel;Uccle;Arrondissement Brussel-Hoofdstad;Arrondissement de Bruxelles-Capitale;Brussels;Brussels;<5
21018;2021-02-14;Sint-Lambrechts-Woluwe;Woluwe-Saint-Lambert;Arrondissement Brussel-Hoofdstad;Arrondissement de Bruxelles-Capitale;Brussels;Brussels;<5
21019;2021-02-14;Sint-Pieters-Woluwe;Woluwe-Saint-Pierre;Arrondissement Brussel-Hoofdstad;Arrondissement de Bruxelles-Capitale;Brussels;Brussels;<5
21001;2021-02-15;Anderlecht;Anderlecht;Arrondissement Brussel-Hoofdstad;Arrondissement de Bruxelles-Capitale;Brussels;Brussels;35
21002;2021-02-15;Oudergem;Auderghem;Arrondissement Brussel-Hoofdstad;Arrondissement de Bruxelles-Capitale;Brussels;Brussels;8
21003;2021-02-15;Sint-Agatha-Berchem;Berchem-Sainte-Agathe;Arrondissement Brussel-Hoofdstad;Arrondissement de Bruxelles-Capitale;Brussels;Brussels;5
21004;2021-02-15;Brussel;Bruxelles;Arrondissement Brussel-Hoofdstad;Arrondissement de Bruxelles-Capitale;Brussels;Brussels;39
21005;2021-02-15;Etterbeek;Etterbeek;Arrondissement Brussel-Hoofdstad;Arrondissement de Bruxelles-Capitale;Brussels;Brussels;<5
21006;2021-02-15;Evere;Evere;Arrondissement Brussel-Hoofdstad;Arrondissement de Bruxelles-Capitale;Brussels;Brussels;14
21007;2021-02-15;Vorst (Brussel-Hoofdstad);Forest (Bruxelles-Capitale);Arrondissement Brussel-Hoofdstad;Arrondissement de Bruxelles-Capitale;Brussels;Brussels;7
21008;2021-02-15;Ganshoren;Ganshoren;Arrondissement Brussel-Hoofdstad;Arrondissement de Bruxelles-Capitale;Brussels;Brussels;<5
21009;2021-02-15;Elsene;Ixelles;Arrondissement Brussel-Hoofdstad;Arrondissement de Bruxelles-Capitale;Brussels;Brussels;31
21010;2021-02-15;Jette;Jette;Arrondissement Brussel-Hoofdstad;Arrondissement de Bruxelles-Capitale;Brussels;Brussels;15
21011;2021-02-15;Koekelberg;Koekelberg;Arrondissement Brussel-Hoofdstad;Arrondissement de Bruxelles-Capitale;Brussels;Brussels;<5
21012;2021-02-15;Sint-Jans-Molenbeek;Molenbeek-Saint-Jean;Arrondissement Brussel-Hoofdstad;Arrondissement de Bruxelles-Capitale;Brussels;Brussels;28
21013;2021-02-15;Sint-Gillis;Saint-Gilles;Arrondissement Brussel-Hoofdstad;Arrondissement de Bruxelles-Capitale;Brussels;Brussels;15
21014;2021-02-15;Sint-Joost-ten-Node;Saint-Josse-ten-Noode;Arrondissement Brussel-Hoofdstad;Arrondissement de Bruxelles-Capitale;Brussels;Brussels;21
21015;2021-02-15;Schaarbeek;Schaerbeek;Arrondissement Brussel-Hoofdstad;Arrondissement de Bruxelles-Capitale;Brussels;Brussels;44
21016;2021-02-15;Ukkel;Uccle;Arrondissement Brussel-Hoofdstad;Arrondissement de Bruxelles-Capitale;Brussels;Brussels;14
21017;2021-02-15;Watermaal-Bosvoorde;Watermael-Boitsfort;Arrondissement Brussel-Hoofdstad;Arrondissement de Bruxelles-Capitale;Brussels;Brussels;<5
21018;2021-02-15;Sint-Lambrechts-Woluwe;Woluwe-Saint-Lambert;Arrondissement Brussel-Hoofdstad;Arrondissement de Bruxelles-Capitale;Brussels;Brussels;8
21019;2021-02-15;Sint-Pieters-Woluwe;Woluwe-Saint-Pierre;Arrondissement Brussel-Hoofdstad;Arrondissement de Bruxelles-Capitale;Brussels;Brussels;5
21001;2021-02-16;Anderlecht;Anderlecht;Arrondissement Brussel-Hoofdstad;Arrondissement de Bruxelles-Capitale;Brussels;Brussels;38
21002;2021-02-16;Oudergem;Auderghem;Arrondissement Brussel-Hoofdstad;Arrondissement de Bruxelles-Capitale;Brussels;Brussels;16
21003;2021-02-16;Sint-Agatha-Berchem;Berchem-Sainte-Agathe;Arrondissement Brussel-Hoofdstad;Arrondissement de Bruxelles-Capitale;Brussels;Brussels;<5
21004;2021-02-16;Brussel;Bruxelles;Arrondissement Brussel-Hoofdstad;Arrondissement de Bruxelles-Capitale;Brussels;Brussels;37
21005;2021-02-16;Etterbeek;Etterbeek;Arrondissement Brussel-Hoofdstad;Arrondissement de Bruxelles-Capitale;Brussels;Brussels;8
21006;2021-02-16;Evere;Evere;Arrondissement Brussel-Hoofdstad;Arrondissement de Bruxelles-Capitale;Brussels;Brussels;12
21007;2021-02-16;Vorst (Brussel-Hoofdstad);Forest (Bruxelles-Capitale);Arrondissement Brussel-Hoofdstad;Arrondissement de Bruxelles-Capitale;Brussels;Brussels;18
21008;2021-02-16;Ganshoren;Ganshoren;Arrondissement Brussel-Hoofdstad;Arrondissement de Bruxelles-Capitale;Brussels;Brussels;6
21009;2021-02-16;Elsene;Ixelles;Arrondissement Brussel-Hoofdstad;Arrondissement de Bruxelles-Capitale;Brussels;Brussels;26
21010;2021-02-16;Jette;Jette;Arrondissement Brussel-Hoofdstad;Arrondissement de Bruxelles-Capitale;Brussels;Brussels;9
21011;2021-02-16;Koekelberg;Koekelberg;Arrondissement Brussel-Hoofdstad;Arrondissement de Bruxelles-Capitale;Brussels;Brussels;<5
21012;2021-02-16;Sint-Jans-Molenbeek;Molenbeek-Saint-Jean;Arrondissement Brussel-Hoofdstad;Arrondissement de Bruxelles-Capitale;Brussels;Brussels;15
21013;2021-02-16;Sint-Gillis;Saint-Gilles;Arrondissement Brussel-Hoofdstad;Arrondissement de Bruxelles-Capitale;Brussels;Brussels;16
21014;2021-02-16;Sint-Joost-ten-Node;Saint-Josse-ten-Noode;Arrondissement Brussel-Hoofdstad;Arrondissement de Bruxelles-Capitale;Brussels;Brussels;10
21015;2021-02-16;Schaarbeek;Schaerbeek;Arrondissement Brussel-Hoofdstad;Arrondissement de Bruxelles-Capitale;Brussels;Brussels;31
21016;2021-02-16;Ukkel;Uccle;Arrondissement Brussel-Hoofdstad;Arrondissement de Bruxelles-Capitale;Brussels;Brussels;17
21017;2021-02-16;Watermaal-Bosvoorde;Watermael-Boitsfort;Arrondissement Brussel-Hoofdstad;Arrondissement de Bruxelles-Capitale;Brussels;Brussels;6
21018;2021-02-16;Sint-Lambrechts-Woluwe;Woluwe-Saint-Lambert;Arrondissement Brussel-Hoofdstad;Arrondissement de Bruxelles-Capitale;Brussels;Brussels;12
21019;2021-02-16;Sint-Pieters-Woluwe;Woluwe-Saint-Pierre;Arrondissement Brussel-Hoofdstad;Arrondissement de Bruxelles-Capitale;Brussels;Brussels;5
21001;2021-02-17;Anderlecht;Anderlecht;Arrondissement Brussel-Hoofdstad;Arrondissement de Bruxelles-Capitale;Brussels;Brussels;25
21002;2021-02-17;Oudergem;Auderghem;Arrondissement Brussel-Hoofdstad;Arrondissement de Bruxelles-Capitale;Brussels;Brussels;10
21003;2021-02-17;Sint-Agatha-Berchem;Berchem-Sainte-Agathe;Arrondissement Brussel-Hoofdstad;Arrondissement de Bruxelles-Capitale;Brussels;Brussels;7
21004;2021-02-17;Brussel;Bruxelles;Arrondissement Brussel-Hoofdstad;Arrondissement de Bruxelles-Capitale;Brussels;Brussels;39
21005;2021-02-17;Etterbeek;Etterbeek;Arrondissement Brussel-Hoofdstad;Arrondissement de Bruxelles-Capitale;Brussels;Brussels;12
21006;2021-02-17;Evere;Evere;Arrondissement Brussel-Hoofdstad;Arrondissement de Bruxelles-Capitale;Brussels;Brussels;11
21007;2021-02-17;Vorst (Brussel-Hoofdstad);Forest (Bruxelles-Capitale);Arrondissement Brussel-Hoofdstad;Arrondissement de Bruxelles-Capitale;Brussels;Brussels;16
21008;2021-02-17;Ganshoren;Ganshoren;Arrondissement Brussel-Hoofdstad;Arrondissement de Bruxelles-Capitale;Brussels;Brussels;8
21009;2021-02-17;Elsene;Ixelles;Arrondissement Brussel-Hoofdstad;Arrondissement de Bruxelles-Capitale;Brussels;Brussels;20
21010;2021-02-17;Jette;Jette;Arrondissement Brussel-Hoofdstad;Arrondissement de Bruxelles-Capitale;Brussels;Brussels;7
21011;2021-02-17;Koekelberg;Koekelberg;Arrondissement Brussel-Hoofdstad;Arrondissement de Bruxelles-Capitale;Brussels;Brussels;6
21012;2021-02-17;Sint-Jans-Molenbeek;Molenbeek-Saint-Jean;Arrondissement Brussel-Hoofdstad;Arrondissement de Bruxelles-Capitale;Brussels;Brussels;18
21013;2021-02-17;Sint-Gillis;Saint-Gilles;Arrondissement Brussel-Hoofdstad;Arrondissement de Bruxelles-Capitale;Brussels;Brussels;13
21014;2021-02-17;Sint-Joost-ten-Node;Saint-Josse-ten-Noode;Arrondissement Brussel-Hoofdstad;Arrondissement de Bruxelles-Capitale;Brussels;Brussels;14
21015;2021-02-17;Schaarbeek;Schaerbeek;Arrondissement Brussel-Hoofdstad;Arrondissement de Bruxelles-Capitale;Brussels;Brussels;34
21016;2021-02-17;Ukkel;Uccle;Arrondissement Brussel-Hoofdstad;Arrondissement de Bruxelles-Capitale;Brussels;Brussels;16
21017;2021-02-17;Watermaal-Bosvoorde;Watermael-Boitsfort;Arrondissement Brussel-Hoofdstad;Arrondissement de Bruxelles-Capitale;Brussels;Brussels;5
21018;2021-02-17;Sint-Lambrechts-Woluwe;Woluwe-Saint-Lambert;Arrondissement Brussel-Hoofdstad;Arrondissement de Bruxelles-Capitale;Brussels;Brussels;18
21019;2021-02-17;Sint-Pieters-Woluwe;Woluwe-Saint-Pierre;Arrondissement Brussel-Hoofdstad;Arrondissement de Bruxelles-Capitale;Brussels;Brussels;<5
21001;2021-02-18;Anderlecht;Anderlecht;Arrondissement Brussel-Hoofdstad;Arrondissement de Bruxelles-Capitale;Brussels;Brussels;30
21002;2021-02-18;Oudergem;Auderghem;Arrondissement Brussel-Hoofdstad;Arrondissement de Bruxelles-Capitale;Brussels;Brussels;13
21003;2021-02-18;Sint-Agatha-Berchem;Berchem-Sainte-Agathe;Arrondissement Brussel-Hoofdstad;Arrondissement de Bruxelles-Capitale;Brussels;Brussels;5
21004;2021-02-18;Brussel;Bruxelles;Arrondissement Brussel-Hoofdstad;Arrondissement de Bruxelles-Capitale;Brussels;Brussels;32
21005;2021-02-18;Etterbeek;Etterbeek;Arrondissement Brussel-Hoofdstad;Arrondissement de Bruxelles-Capitale;Brussels;Brussels;15
21006;2021-02-18;Evere;Evere;Arrondissement Brussel-Hoofdstad;Arrondissement de Bruxelles-Capitale;Brussels;Brussels;13
21007;2021-02-18;Vorst (Brussel-Hoofdstad);Forest (Bruxelles-Capitale);Arrondissement Brussel-Hoofdstad;Arrondissement de Bruxelles-Capitale;Brussels;Brussels;17
21008;2021-02-18;Ganshoren;Ganshoren;Arrondissement Brussel-Hoofdstad;Arrondissement de Bruxelles-Capitale;Brussels;Brussels;<5
21009;2021-02-18;Elsene;Ixelles;Arrondissement Brussel-Hoofdstad;Arrondissement de Bruxelles-Capitale;Brussels;Brussels;28
21010;2021-02-18;Jette;Jette;Arrondissement Brussel-Hoofdstad;Arrondissement de Bruxelles-Capitale;Brussels;Brussels;11
21011;2021-02-18;Koekelberg;Koekelberg;Arrondissement Brussel-Hoofdstad;Arrondissement de Bruxelles-Capitale;Brussels;Brussels;<5
21012;2021-02-18;Sint-Jans-Molenbeek;Molenbeek-Saint-Jean;Arrondissement Brussel-Hoofdstad;Arrondissement de Bruxelles-Capitale;Brussels;Brussels;13
21013;2021-02-18;Sint-Gillis;Saint-Gilles;Arrondissement Brussel-Hoofdstad;Arrondissement de Bruxelles-Capitale;Brussels;Brussels;20
21014;2021-02-18;Sint-Joost-ten-Node;Saint-Josse-ten-Noode;Arrondissement Brussel-Hoofdstad;Arrondissement de Bruxelles-Capitale;Brussels;Brussels;14
21015;2021-02-18;Schaarbeek;Schaerbeek;Arrondissement Brussel-Hoofdstad;Arrondissement de Bruxelles-Capitale;Brussels;Brussels;35
21016;2021-02-18;Ukkel;Uccle;Arrondissement Brussel-Hoofdstad;Arrondissement de Bruxelles-Capitale;Brussels;Brussels;28
21017;2021-02-18;Watermaal-Bosvoorde;Watermael-Boitsfort;Arrondissement Brussel-Hoofdstad;Arrondissement de Bruxelles-Capitale;Brussels;Brussels;7
21018;2021-02-18;Sint-Lambrechts-Woluwe;Woluwe-Saint-Lambert;Arrondissement Brussel-Hoofdstad;Arrondissement de Bruxelles-Capitale;Brussels;Brussels;18
21019;2021-02-18;Sint-Pieters-Woluwe;Woluwe-Saint-Pierre;Arrondissement Brussel-Hoofdstad;Arrondissement de Bruxelles-Capitale;Brussels;Brussels;9
21001;2021-02-19;Anderlecht;Anderlecht;Arrondissement Brussel-Hoofdstad;Arrondissement de Bruxelles-Capitale;Brussels;Brussels;32
21002;2021-02-19;Oudergem;Auderghem;Arrondissement Brussel-Hoofdstad;Arrondissement de Bruxelles-Capitale;Brussels;Brussels;9
21003;2021-02-19;Sint-Agatha-Berchem;Berchem-Sainte-Agathe;Arrondissement Brussel-Hoofdstad;Arrondissement de Bruxelles-Capitale;Brussels;Brussels;7
21004;2021-02-19;Brussel;Bruxelles;Arrondissement Brussel-Hoofdstad;Arrondissement de Bruxelles-Capitale;Brussels;Brussels;49
21005;2021-02-19;Etterbeek;Etterbeek;Arrondissement Brussel-Hoofdstad;Arrondissement de Bruxelles-Capitale;Brussels;Brussels;11
21006;2021-02-19;Evere;Evere;Arrondissement Brussel-Hoofdstad;Arrondissement de Bruxelles-Capitale;Brussels;Brussels;10
21007;2021-02-19;Vorst (Brussel-Hoofdstad);Forest (Bruxelles-Capitale);Arrondissement Brussel-Hoofdstad;Arrondissement de Bruxelles-Capitale;Brussels;Brussels;10
21008;2021-02-19;Ganshoren;Ganshoren;Arrondissement Brussel-Hoofdstad;Arrondissement de Bruxelles-Capitale;Brussels;Brussels;5
21009;2021-02-19;Elsene;Ixelles;Arrondissement Brussel-Hoofdstad;Arrondissement de Bruxelles-Capitale;Brussels;Brussels;25
21010;2021-02-19;Jette;Jette;Arrondissement Brussel-Hoofdstad;Arrondissement de Bruxelles-Capitale;Brussels;Brussels;12
21011;2021-02-19;Koekelberg;Koekelberg;Arrondissement Brussel-Hoofdstad;Arrondissement de Bruxelles-Capitale;Brussels;Brussels;5
21012;2021-02-19;Sint-Jans-Molenbeek;Molenbeek-Saint-Jean;Arrondissement Brussel-Hoofdstad;Arrondissement de Bruxelles-Capitale;Brussels;Brussels;20
21013;2021-02-19;Sint-Gillis;Saint-Gilles;Arrondissement Brussel-Hoofdstad;Arrondissement de Bruxelles-Capitale;Brussels;Brussels;20
21014;2021-02-19;Sint-Joost-ten-Node;Saint-Josse-ten-Noode;Arrondissement Brussel-Hoofdstad;Arrondissement de Bruxelles-Capitale;Brussels;Brussels;12
21015;2021-02-19;Schaarbeek;Schaerbeek;Arrondissement Brussel-Hoofdstad;Arrondissement de Bruxelles-Capitale;Brussels;Brussels;33
21016;2021-02-19;Ukkel;Uccle;Arrondissement Brussel-Hoofdstad;Arrondissement de Bruxelles-Capitale;Brussels;Brussels;30
21017;2021-02-19;Watermaal-Bosvoorde;Watermael-Boitsfort;Arrondissement Brussel-Hoofdstad;Arrondissement de Bruxelles-Capitale;Brussels;Brussels;10
21018;2021-02-19;Sint-Lambrechts-Woluwe;Woluwe-Saint-Lambert;Arrondissement Brussel-Hoofdstad;Arrondissement de Bruxelles-Capitale;Brussels;Brussels;6
21019;2021-02-19;Sint-Pieters-Woluwe;Woluwe-Saint-Pierre;Arrondissement Brussel-Hoofdstad;Arrondissement de Bruxelles-Capitale;Brussels;Brussels;18
21001;2021-02-20;Anderlecht;Anderlecht;Arrondissement Brussel-Hoofdstad;Arrondissement de Bruxelles-Capitale;Brussels;Brussels;37
21002;2021-02-20;Oudergem;Auderghem;Arrondissement Brussel-Hoofdstad;Arrondissement de Bruxelles-Capitale;Brussels;Brussels;8
21003;2021-02-20;Sint-Agatha-Berchem;Berchem-Sainte-Agathe;Arrondissement Brussel-Hoofdstad;Arrondissement de Bruxelles-Capitale;Brussels;Brussels;7
21004;2021-02-20;Brussel;Bruxelles;Arrondissement Brussel-Hoofdstad;Arrondissement de Bruxelles-Capitale;Brussels;Brussels;27
21005;2021-02-20;Etterbeek;Etterbeek;Arrondissement Brussel-Hoofdstad;Arrondissement de Bruxelles-Capitale;Brussels;Brussels;9
21006;2021-02-20;Evere;Evere;Arrondissement Brussel-Hoofdstad;Arrondissement de Bruxelles-Capitale;Brussels;Brussels;13
21007;2021-02-20;Vorst (Brussel-Hoofdstad);Forest (Bruxelles-Capitale);Arrondissement Brussel-Hoofdstad;Arrondissement de Bruxelles-Capitale;Brussels;Brussels;22
21008;2021-02-20;Ganshoren;Ganshoren;Arrondissement Brussel-Hoofdstad;Arrondissement de Bruxelles-Capitale;Brussels;Brussels;8
21009;2021-02-20;Elsene;Ixelles;Arrondissement Brussel-Hoofdstad;Arrondissement de Bruxelles-Capitale;Brussels;Brussels;7
21010;2021-02-20;Jette;Jette;Arrondissement Brussel-Hoofdstad;Arrondissement de Bruxelles-Capitale;Brussels;Brussels;16
21012;2021-02-20;Sint-Jans-Molenbeek;Molenbeek-Saint-Jean;Arrondissement Brussel-Hoofdstad;Arrondissement de Bruxelles-Capitale;Brussels;Brussels;7
21013;2021-02-20;Sint-Gillis;Saint-Gilles;Arrondissement Brussel-Hoofdstad;Arrondissement de Bruxelles-Capitale;Brussels;Brussels;7
21014;2021-02-20;Sint-Joost-ten-Node;Saint-Josse-ten-Noode;Arrondissement Brussel-Hoofdstad;Arrondissement de Bruxelles-Capitale;Brussels;Brussels;12
21015;2021-02-20;Schaarbeek;Schaerbeek;Arrondissement Brussel-Hoofdstad;Arrondissement de Bruxelles-Capitale;Brussels;Brussels;13
21016;2021-02-20;Ukkel;Uccle;Arrondissement Brussel-Hoofdstad;Arrondissement de Bruxelles-Capitale;Brussels;Brussels;14
21017;2021-02-20;Watermaal-Bosvoorde;Watermael-Boitsfort;Arrondissement Brussel-Hoofdstad;Arrondissement de Bruxelles-Capitale;Brussels;Brussels;6
21018;2021-02-20;Sint-Lambrechts-Woluwe;Woluwe-Saint-Lambert;Arrondissement Brussel-Hoofdstad;Arrondissement de Bruxelles-Capitale;Brussels;Brussels;5
21019;2021-02-20;Sint-Pieters-Woluwe;Woluwe-Saint-Pierre;Arrondissement Brussel-Hoofdstad;Arrondissement de Bruxelles-Capitale;Brussels;Brussels;<5
21001;2021-02-21;Anderlecht;Anderlecht;Arrondissement Brussel-Hoofdstad;Arrondissement de Bruxelles-Capitale;Brussels;Brussels;15
21002;2021-02-21;Oudergem;Auderghem;Arrondissement Brussel-Hoofdstad;Arrondissement de Bruxelles-Capitale;Brussels;Brussels;<5
21003;2021-02-21;Sint-Agatha-Berchem;Berchem-Sainte-Agathe;Arrondissement Brussel-Hoofdstad;Arrondissement de Bruxelles-Capitale;Brussels;Brussels;<5
21004;2021-02-21;Brussel;Bruxelles;Arrondissement Brussel-Hoofdstad;Arrondissement de Bruxelles-Capitale;Brussels;Brussels;13
21005;2021-02-21;Etterbeek;Etterbeek;Arrondissement Brussel-Hoofdstad;Arrondissement de Bruxelles-Capitale;Brussels;Brussels;<5
21006;2021-02-21;Evere;Evere;Arrondissement Brussel-Hoofdstad;Arrondissement de Bruxelles-Capitale;Brussels;Brussels;7
21007;2021-02-21;Vorst (Brussel-Hoofdstad);Forest (Bruxelles-Capitale);Arrondissement Brussel-Hoofdstad;Arrondissement de Bruxelles-Capitale;Brussels;Brussels;<5
21008;2021-02-21;Ganshoren;Ganshoren;Arrondissement Brussel-Hoofdstad;Arrondissement de Bruxelles-Capitale;Brussels;Brussels;<5
21009;2021-02-21;Elsene;Ixelles;Arrondissement Brussel-Hoofdstad;Arrondissement de Bruxelles-Capitale;Brussels;Brussels;6
21010;2021-02-21;Jette;Jette;Arrondissement Brussel-Hoofdstad;Arrondissement de Bruxelles-Capitale;Brussels;Brussels;<5
21011;2021-02-21;Koekelberg;Koekelberg;Arrondissement Brussel-Hoofdstad;Arrondissement de Bruxelles-Capitale;Brussels;Brussels;<5
21012;2021-02-21;Sint-Jans-Molenbeek;Molenbeek-Saint-Jean;Arrondissement Brussel-Hoofdstad;Arrondissement de Bruxelles-Capitale;Brussels;Brussels;9
21013;2021-02-21;Sint-Gillis;Saint-Gilles;Arrondissement Brussel-Hoofdstad;Arrondissement de Bruxelles-Capitale;Brussels;Brussels;6
21014;2021-02-21;Sint-Joost-ten-Node;Saint-Josse-ten-Noode;Arrondissement Brussel-Hoofdstad;Arrondissement de Bruxelles-Capitale;Brussels;Brussels;5
21015;2021-02-21;Schaarbeek;Schaerbeek;Arrondissement Brussel-Hoofdstad;Arrondissement de Bruxelles-Capitale;Brussels;Brussels;11
21016;2021-02-21;Ukkel;Uccle;Arrondissement Brussel-Hoofdstad;Arrondissement de Bruxelles-Capitale;Brussels;Brussels;5
21017;2021-02-21;Watermaal-Bosvoorde;Watermael-Boitsfort;Arrondissement Brussel-Hoofdstad;Arrondissement de Bruxelles-Capitale;Brussels;Brussels;<5
21018;2021-02-21;Sint-Lambrechts-Woluwe;Woluwe-Saint-Lambert;Arrondissement Brussel-Hoofdstad;Arrondissement de Bruxelles-Capitale;Brussels;Brussels;<5
21019;2021-02-21;Sint-Pieters-Woluwe;Woluwe-Saint-Pierre;Arrondissement Brussel-Hoofdstad;Arrondissement de Bruxelles-Capitale;Brussels;Brussels;<5
21001;2021-02-22;Anderlecht;Anderlecht;Arrondissement Brussel-Hoofdstad;Arrondissement de Bruxelles-Capitale;Brussels;Brussels;63
21002;2021-02-22;Oudergem;Auderghem;Arrondissement Brussel-Hoofdstad;Arrondissement de Bruxelles-Capitale;Brussels;Brussels;9
21003;2021-02-22;Sint-Agatha-Berchem;Berchem-Sainte-Agathe;Arrondissement Brussel-Hoofdstad;Arrondissement de Bruxelles-Capitale;Brussels;Brussels;12
21004;2021-02-22;Brussel;Bruxelles;Arrondissement Brussel-Hoofdstad;Arrondissement de Bruxelles-Capitale;Brussels;Brussels;51
21005;2021-02-22;Etterbeek;Etterbeek;Arrondissement Brussel-Hoofdstad;Arrondissement de Bruxelles-Capitale;Brussels;Brussels;13
21006;2021-02-22;Evere;Evere;Arrondissement Brussel-Hoofdstad;Arrondissement de Bruxelles-Capitale;Brussels;Brussels;9
21007;2021-02-22;Vorst (Brussel-Hoofdstad);Forest (Bruxelles-Capitale);Arrondissement Brussel-Hoofdstad;Arrondissement de Bruxelles-Capitale;Brussels;Brussels;18
21008;2021-02-22;Ganshoren;Ganshoren;Arrondissement Brussel-Hoofdstad;Arrondissement de Bruxelles-Capitale;Brussels;Brussels;6
21009;2021-02-22;Elsene;Ixelles;Arrondissement Brussel-Hoofdstad;Arrondissement de Bruxelles-Capitale;Brussels;Brussels;31
21010;2021-02-22;Jette;Jette;Arrondissement Brussel-Hoofdstad;Arrondissement de Bruxelles-Capitale;Brussels;Brussels;12
21011;2021-02-22;Koekelberg;Koekelberg;Arrondissement Brussel-Hoofdstad;Arrondissement de Bruxelles-Capitale;Brussels;Brussels;12
21012;2021-02-22;Sint-Jans-Molenbeek;Molenbeek-Saint-Jean;Arrondissement Brussel-Hoofdstad;Arrondissement de Bruxelles-Capitale;Brussels;Brussels;37
21013;2021-02-22;Sint-Gillis;Saint-Gilles;Arrondissement Brussel-Hoofdstad;Arrondissement de Bruxelles-Capitale;Brussels;Brussels;20
21014;2021-02-22;Sint-Joost-ten-Node;Saint-Josse-ten-Noode;Arrondissement Brussel-Hoofdstad;Arrondissement de Bruxelles-Capitale;Brussels;Brussels;13
21015;2021-02-22;Schaarbeek;Schaerbeek;Arrondissement Brussel-Hoofdstad;Arrondissement de Bruxelles-Capitale;Brussels;Brussels;58
21016;2021-02-22;Ukkel;Uccle;Arrondissement Brussel-Hoofdstad;Arrondissement de Bruxelles-Capitale;Brussels;Brussels;21
21017;2021-02-22;Watermaal-Bosvoorde;Watermael-Boitsfort;Arrondissement Brussel-Hoofdstad;Arrondissement de Bruxelles-Capitale;Brussels;Brussels;6
21018;2021-02-22;Sint-Lambrechts-Woluwe;Woluwe-Saint-Lambert;Arrondissement Brussel-Hoofdstad;Arrondissement de Bruxelles-Capitale;Brussels;Brussels;15
21019;2021-02-22;Sint-Pieters-Woluwe;Woluwe-Saint-Pierre;Arrondissement Brussel-Hoofdstad;Arrondissement de Bruxelles-Capitale;Brussels;Brussels;12
21001;2021-02-23;Anderlecht;Anderlecht;Arrondissement Brussel-Hoofdstad;Arrondissement de Bruxelles-Capitale;Brussels;Brussels;32
21002;2021-02-23;Oudergem;Auderghem;Arrondissement Brussel-Hoofdstad;Arrondissement de Bruxelles-Capitale;Brussels;Brussels;5
21003;2021-02-23;Sint-Agatha-Berchem;Berchem-Sainte-Agathe;Arrondissement Brussel-Hoofdstad;Arrondissement de Bruxelles-Capitale;Brussels;Brussels;12
21004;2021-02-23;Brussel;Bruxelles;Arrondissement Brussel-Hoofdstad;Arrondissement de Bruxelles-Capitale;Brussels;Brussels;47
21005;2021-02-23;Etterbeek;Etterbeek;Arrondissement Brussel-Hoofdstad;Arrondissement de Bruxelles-Capitale;Brussels;Brussels;8
21006;2021-02-23;Evere;Evere;Arrondissement Brussel-Hoofdstad;Arrondissement de Bruxelles-Capitale;Brussels;Brussels;12
21007;2021-02-23;Vorst (Brussel-Hoofdstad);Forest (Bruxelles-Capitale);Arrondissement Brussel-Hoofdstad;Arrondissement de Bruxelles-Capitale;Brussels;Brussels;17
21008;2021-02-23;Ganshoren;Ganshoren;Arrondissement Brussel-Hoofdstad;Arrondissement de Bruxelles-Capitale;Brussels;Brussels;7
21009;2021-02-23;Elsene;Ixelles;Arrondissement Brussel-Hoofdstad;Arrondissement de Bruxelles-Capitale;Brussels;Brussels;24
21010;2021-02-23;Jette;Jette;Arrondissement Brussel-Hoofdstad;Arrondissement de Bruxelles-Capitale;Brussels;Brussels;13
21011;2021-02-23;Koekelberg;Koekelberg;Arrondissement Brussel-Hoofdstad;Arrondissement de Bruxelles-Capitale;Brussels;Brussels;9
21012;2021-02-23;Sint-Jans-Molenbeek;Molenbeek-Saint-Jean;Arrondissement Brussel-Hoofdstad;Arrondissement de Bruxelles-Capitale;Brussels;Brussels;23
21013;2021-02-23;Sint-Gillis;Saint-Gilles;Arrondissement Brussel-Hoofdstad;Arrondissement de Bruxelles-Capitale;Brussels;Brussels;20
21014;2021-02-23;Sint-Joost-ten-Node;Saint-Josse-ten-Noode;Arrondissement Brussel-Hoofdstad;Arrondissement de Bruxelles-Capitale;Brussels;Brussels;15
21015;2021-02-23;Schaarbeek;Schaerbeek;Arrondissement Brussel-Hoofdstad;Arrondissement de Bruxelles-Capitale;Brussels;Brussels;49
21016;2021-02-23;Ukkel;Uccle;Arrondissement Brussel-Hoofdstad;Arrondissement de Bruxelles-Capitale;Brussels;Brussels;22
21017;2021-02-23;Watermaal-Bosvoorde;Watermael-Boitsfort;Arrondissement Brussel-Hoofdstad;Arrondissement de Bruxelles-Capitale;Brussels;Brussels;7
21018;2021-02-23;Sint-Lambrechts-Woluwe;Woluwe-Saint-Lambert;Arrondissement Brussel-Hoofdstad;Arrondissement de Bruxelles-Capitale;Brussels;Brussels;9
21019;2021-02-23;Sint-Pieters-Woluwe;Woluwe-Saint-Pierre;Arrondissement Brussel-Hoofdstad;Arrondissement de Bruxelles-Capitale;Brussels;Brussels;<5
21001;2021-02-24;Anderlecht;Anderlecht;Arrondissement Brussel-Hoofdstad;Arrondissement de Bruxelles-Capitale;Brussels;Brussels;39
21002;2021-02-24;Oudergem;Auderghem;Arrondissement Brussel-Hoofdstad;Arrondissement de Bruxelles-Capitale;Brussels;Brussels;7
21003;2021-02-24;Sint-Agatha-Berchem;Berchem-Sainte-Agathe;Arrondissement Brussel-Hoofdstad;Arrondissement de Bruxelles-Capitale;Brussels;Brussels;10
21004;2021-02-24;Brussel;Bruxelles;Arrondissement Brussel-Hoofdstad;Arrondissement de Bruxelles-Capitale;Brussels;Brussels;48
21005;2021-02-24;Etterbeek;Etterbeek;Arrondissement Brussel-Hoofdstad;Arrondissement de Bruxelles-Capitale;Brussels;Brussels;10
21006;2021-02-24;Evere;Evere;Arrondissement Brussel-Hoofdstad;Arrondissement de Bruxelles-Capitale;Brussels;Brussels;5
21007;2021-02-24;Vorst (Brussel-Hoofdstad);Forest (Bruxelles-Capitale);Arrondissement Brussel-Hoofdstad;Arrondissement de Bruxelles-Capitale;Brussels;Brussels;10
21008;2021-02-24;Ganshoren;Ganshoren;Arrondissement Brussel-Hoofdstad;Arrondissement de Bruxelles-Capitale;Brussels;Brussels;7
21009;2021-02-24;Elsene;Ixelles;Arrondissement Brussel-Hoofdstad;Arrondissement de Bruxelles-Capitale;Brussels;Brussels;30
21010;2021-02-24;Jette;Jette;Arrondissement Brussel-Hoofdstad;Arrondissement de Bruxelles-Capitale;Brussels;Brussels;20
21011;2021-02-24;Koekelberg;Koekelberg;Arrondissement Brussel-Hoofdstad;Arrondissement de Bruxelles-Capitale;Brussels;Brussels;6
21012;2021-02-24;Sint-Jans-Molenbeek;Molenbeek-Saint-Jean;Arrondissement Brussel-Hoofdstad;Arrondissement de Bruxelles-Capitale;Brussels;Brussels;40
21013;2021-02-24;Sint-Gillis;Saint-Gilles;Arrondissement Brussel-Hoofdstad;Arrondissement de Bruxelles-Capitale;Brussels;Brussels;22
21014;2021-02-24;Sint-Joost-ten-Node;Saint-Josse-ten-Noode;Arrondissement Brussel-Hoofdstad;Arrondissement de Bruxelles-Capitale;Brussels;Brussels;8
21015;2021-02-24;Schaarbeek;Schaerbeek;Arrondissement Brussel-Hoofdstad;Arrondissement de Bruxelles-Capitale;Brussels;Brussels;45
21016;2021-02-24;Ukkel;Uccle;Arrondissement Brussel-Hoofdstad;Arrondissement de Bruxelles-Capitale;Brussels;Brussels;16
21017;2021-02-24;Watermaal-Bosvoorde;Watermael-Boitsfort;Arrondissement Brussel-Hoofdstad;Arrondissement de Bruxelles-Capitale;Brussels;Brussels;<5
21018;2021-02-24;Sint-Lambrechts-Woluwe;Woluwe-Saint-Lambert;Arrondissement Brussel-Hoofdstad;Arrondissement de Bruxelles-Capitale;Brussels;Brussels;10
21019;2021-02-24;Sint-Pieters-Woluwe;Woluwe-Saint-Pierre;Arrondissement Brussel-Hoofdstad;Arrondissement de Bruxelles-Capitale;Brussels;Brussels;<5
21001;2021-02-25;Anderlecht;Anderlecht;Arrondissement Brussel-Hoofdstad;Arrondissement de Bruxelles-Capitale;Brussels;Brussels;43
21002;2021-02-25;Oudergem;Auderghem;Arrondissement Brussel-Hoofdstad;Arrondissement de Bruxelles-Capitale;Brussels;Brussels;<5
21003;2021-02-25;Sint-Agatha-Berchem;Berchem-Sainte-Agathe;Arrondissement Brussel-Hoofdstad;Arrondissement de Bruxelles-Capitale;Brussels;Brussels;14
21004;2021-02-25;Brussel;Bruxelles;Arrondissement Brussel-Hoofdstad;Arrondissement de Bruxelles-Capitale;Brussels;Brussels;74
21005;2021-02-25;Etterbeek;Etterbeek;Arrondissement Brussel-Hoofdstad;Arrondissement de Bruxelles-Capitale;Brussels;Brussels;9
21006;2021-02-25;Evere;Evere;Arrondissement Brussel-Hoofdstad;Arrondissement de Bruxelles-Capitale;Brussels;Brussels;12
21007;2021-02-25;Vorst (Brussel-Hoofdstad);Forest (Bruxelles-Capitale);Arrondissement Brussel-Hoofdstad;Arrondissement de Bruxelles-Capitale;Brussels;Brussels;14
21008;2021-02-25;Ganshoren;Ganshoren;Arrondissement Brussel-Hoofdstad;Arrondissement de Bruxelles-Capitale;Brussels;Brussels;8
21009;2021-02-25;Elsene;Ixelles;Arrondissement Brussel-Hoofdstad;Arrondissement de Bruxelles-Capitale;Brussels;Brussels;22
21010;2021-02-25;Jette;Jette;Arrondissement Brussel-Hoofdstad;Arrondissement de Bruxelles-Capitale;Brussels;Brussels;15
21011;2021-02-25;Koekelberg;Koekelberg;Arrondissement Brussel-Hoofdstad;Arrondissement de Bruxelles-Capitale;Brussels;Brussels;5
21012;2021-02-25;Sint-Jans-Molenbeek;Molenbeek-Saint-Jean;Arrondissement Brussel-Hoofdstad;Arrondissement de Bruxelles-Capitale;Brussels;Brussels;19
21013;2021-02-25;Sint-Gillis;Saint-Gilles;Arrondissement Brussel-Hoofdstad;Arrondissement de Bruxelles-Capitale;Brussels;Brussels;12
21014;2021-02-25;Sint-Joost-ten-Node;Saint-Josse-ten-Noode;Arrondissement Brussel-Hoofdstad;Arrondissement de Bruxelles-Capitale;Brussels;Brussels;8
21015;2021-02-25;Schaarbeek;Schaerbeek;Arrondissement Brussel-Hoofdstad;Arrondissement de Bruxelles-Capitale;Brussels;Brussels;46
21016;2021-02-25;Ukkel;Uccle;Arrondissement Brussel-Hoofdstad;Arrondissement de Bruxelles-Capitale;Brussels;Brussels;22
21017;2021-02-25;Watermaal-Bosvoorde;Watermael-Boitsfort;Arrondissement Brussel-Hoofdstad;Arrondissement de Bruxelles-Capitale;Brussels;Brussels;<5
21018;2021-02-25;Sint-Lambrechts-Woluwe;Woluwe-Saint-Lambert;Arrondissement Brussel-Hoofdstad;Arrondissement de Bruxelles-Capitale;Brussels;Brussels;10
21019;2021-02-25;Sint-Pieters-Woluwe;Woluwe-Saint-Pierre;Arrondissement Brussel-Hoofdstad;Arrondissement de Bruxelles-Capitale;Brussels;Brussels;9
21001;2021-02-26;Anderlecht;Anderlecht;Arrondissement Brussel-Hoofdstad;Arrondissement de Bruxelles-Capitale;Brussels;Brussels;60
21002;2021-02-26;Oudergem;Auderghem;Arrondissement Brussel-Hoofdstad;Arrondissement de Bruxelles-Capitale;Brussels;Brussels;<5
21003;2021-02-26;Sint-Agatha-Berchem;Berchem-Sainte-Agathe;Arrondissement Brussel-Hoofdstad;Arrondissement de Bruxelles-Capitale;Brussels;Brussels;<5
21004;2021-02-26;Brussel;Bruxelles;Arrondissement Brussel-Hoofdstad;Arrondissement de Bruxelles-Capitale;Brussels;Brussels;77
21005;2021-02-26;Etterbeek;Etterbeek;Arrondissement Brussel-Hoofdstad;Arrondissement de Bruxelles-Capitale;Brussels;Brussels;17
21006;2021-02-26;Evere;Evere;Arrondissement Brussel-Hoofdstad;Arrondissement de Bruxelles-Capitale;Brussels;Brussels;14
21007;2021-02-26;Vorst (Brussel-Hoofdstad);Forest (Bruxelles-Capitale);Arrondissement Brussel-Hoofdstad;Arrondissement de Bruxelles-Capitale;Brussels;Brussels;13
21008;2021-02-26;Ganshoren;Ganshoren;Arrondissement Brussel-Hoofdstad;Arrondissement de Bruxelles-Capitale;Brussels;Brussels;7
21009;2021-02-26;Elsene;Ixelles;Arrondissement Brussel-Hoofdstad;Arrondissement de Bruxelles-Capitale;Brussels;Brussels;20
21010;2021-02-26;Jette;Jette;Arrondissement Brussel-Hoofdstad;Arrondissement de Bruxelles-Capitale;Brussels;Brussels;17
21011;2021-02-26;Koekelberg;Koekelberg;Arrondissement Brussel-Hoofdstad;Arrondissement de Bruxelles-Capitale;Brussels;Brussels;8
21012;2021-02-26;Sint-Jans-Molenbeek;Molenbeek-Saint-Jean;Arrondissement Brussel-Hoofdstad;Arrondissement de Bruxelles-Capitale;Brussels;Brussels;31
21013;2021-02-26;Sint-Gillis;Saint-Gilles;Arrondissement Brussel-Hoofdstad;Arrondissement de Bruxelles-Capitale;Brussels;Brussels;20
21014;2021-02-26;Sint-Joost-ten-Node;Saint-Josse-ten-Noode;Arrondissement Brussel-Hoofdstad;Arrondissement de Bruxelles-Capitale;Brussels;Brussels;10
21015;2021-02-26;Schaarbeek;Schaerbeek;Arrondissement Brussel-Hoofdstad;Arrondissement de Bruxelles-Capitale;Brussels;Brussels;45
21016;2021-02-26;Ukkel;Uccle;Arrondissement Brussel-Hoofdstad;Arrondissement de Bruxelles-Capitale;Brussels;Brussels;17
21017;2021-02-26;Watermaal-Bosvoorde;Watermael-Boitsfort;Arrondissement Brussel-Hoofdstad;Arrondissement de Bruxelles-Capitale;Brussels;Brussels;11
21018;2021-02-26;Sint-Lambrechts-Woluwe;Woluwe-Saint-Lambert;Arrondissement Brussel-Hoofdstad;Arrondissement de Bruxelles-Capitale;Brussels;Brussels;14
21019;2021-02-26;Sint-Pieters-Woluwe;Woluwe-Saint-Pierre;Arrondissement Brussel-Hoofdstad;Arrondissement de Bruxelles-Capitale;Brussels;Brussels;11
21001;2021-02-27;Anderlecht;Anderlecht;Arrondissement Brussel-Hoofdstad;Arrondissement de Bruxelles-Capitale;Brussels;Brussels;29
21002;2021-02-27;Oudergem;Auderghem;Arrondissement Brussel-Hoofdstad;Arrondissement de Bruxelles-Capitale;Brussels;Brussels;12
21003;2021-02-27;Sint-Agatha-Berchem;Berchem-Sainte-Agathe;Arrondissement Brussel-Hoofdstad;Arrondissement de Bruxelles-Capitale;Brussels;Brussels;<5
21004;2021-02-27;Brussel;Bruxelles;Arrondissement Brussel-Hoofdstad;Arrondissement de Bruxelles-Capitale;Brussels;Brussels;48
21005;2021-02-27;Etterbeek;Etterbeek;Arrondissement Brussel-Hoofdstad;Arrondissement de Bruxelles-Capitale;Brussels;Brussels;11
21006;2021-02-27;Evere;Evere;Arrondissement Brussel-Hoofdstad;Arrondissement de Bruxelles-Capitale;Brussels;Brussels;13
21007;2021-02-27;Vorst (Brussel-Hoofdstad);Forest (Bruxelles-Capitale);Arrondissement Brussel-Hoofdstad;Arrondissement de Bruxelles-Capitale;Brussels;Brussels;7
21008;2021-02-27;Ganshoren;Ganshoren;Arrondissement Brussel-Hoofdstad;Arrondissement de Bruxelles-Capitale;Brussels;Brussels;9
21009;2021-02-27;Elsene;Ixelles;Arrondissement Brussel-Hoofdstad;Arrondissement de Bruxelles-Capitale;Brussels;Brussels;25
21010;2021-02-27;Jette;Jette;Arrondissement Brussel-Hoofdstad;Arrondissement de Bruxelles-Capitale;Brussels;Brussels;13
21011;2021-02-27;Koekelberg;Koekelberg;Arrondissement Brussel-Hoofdstad;Arrondissement de Bruxelles-Capitale;Brussels;Brussels;7
21012;2021-02-27;Sint-Jans-Molenbeek;Molenbeek-Saint-Jean;Arrondissement Brussel-Hoofdstad;Arrondissement de Bruxelles-Capitale;Brussels;Brussels;24
21013;2021-02-27;Sint-Gillis;Saint-Gilles;Arrondissement Brussel-Hoofdstad;Arrondissement de Bruxelles-Capitale;Brussels;Brussels;17
21014;2021-02-27;Sint-Joost-ten-Node;Saint-Josse-ten-Noode;Arrondissement Brussel-Hoofdstad;Arrondissement de Bruxelles-Capitale;Brussels;Brussels;5
21015;2021-02-27;Schaarbeek;Schaerbeek;Arrondissement Brussel-Hoofdstad;Arrondissement de Bruxelles-Capitale;Brussels;Brussels;31
21016;2021-02-27;Ukkel;Uccle;Arrondissement Brussel-Hoofdstad;Arrondissement de Bruxelles-Capitale;Brussels;Brussels;22
21017;2021-02-27;Watermaal-Bosvoorde;Watermael-Boitsfort;Arrondissement Brussel-Hoofdstad;Arrondissement de Bruxelles-Capitale;Brussels;Brussels;<5
21018;2021-02-27;Sint-Lambrechts-Woluwe;Woluwe-Saint-Lambert;Arrondissement Brussel-Hoofdstad;Arrondissement de Bruxelles-Capitale;Brussels;Brussels;7
21019;2021-02-27;Sint-Pieters-Woluwe;Woluwe-Saint-Pierre;Arrondissement Brussel-Hoofdstad;Arrondissement de Bruxelles-Capitale;Brussels;Brussels;<5
21001;2021-02-28;Anderlecht;Anderlecht;Arrondissement Brussel-Hoofdstad;Arrondissement de Bruxelles-Capitale;Brussels;Brussels;19
21002;2021-02-28;Oudergem;Auderghem;Arrondissement Brussel-Hoofdstad;Arrondissement de Bruxelles-Capitale;Brussels;Brussels;5
21003;2021-02-28;Sint-Agatha-Berchem;Berchem-Sainte-Agathe;Arrondissement Brussel-Hoofdstad;Arrondissement de Bruxelles-Capitale;Brussels;Brussels;<5
21004;2021-02-28;Brussel;Bruxelles;Arrondissement Brussel-Hoofdstad;Arrondissement de Bruxelles-Capitale;Brussels;Brussels;21
21005;2021-02-28;Etterbeek;Etterbeek;Arrondissement Brussel-Hoofdstad;Arrondissement de Bruxelles-Capitale;Brussels;Brussels;<5
21006;2021-02-28;Evere;Evere;Arrondissement Brussel-Hoofdstad;Arrondissement de Bruxelles-Capitale;Brussels;Brussels;8
21007;2021-02-28;Vorst (Brussel-Hoofdstad);Forest (Bruxelles-Capitale);Arrondissement Brussel-Hoofdstad;Arrondissement de Bruxelles-Capitale;Brussels;Brussels;11
21008;2021-02-28;Ganshoren;Ganshoren;Arrondissement Brussel-Hoofdstad;Arrondissement de Bruxelles-Capitale;Brussels;Brussels;<5
21009;2021-02-28;Elsene;Ixelles;Arrondissement Brussel-Hoofdstad;Arrondissement de Bruxelles-Capitale;Brussels;Brussels;9
21010;2021-02-28;Jette;Jette;Arrondissement Brussel-Hoofdstad;Arrondissement de Bruxelles-Capitale;Brussels;Brussels;<5
21011;2021-02-28;Koekelberg;Koekelberg;Arrondissement Brussel-Hoofdstad;Arrondissement de Bruxelles-Capitale;Brussels;Brussels;<5
21012;2021-02-28;Sint-Jans-Molenbeek;Molenbeek-Saint-Jean;Arrondissement Brussel-Hoofdstad;Arrondissement de Bruxelles-Capitale;Brussels;Brussels;5
21013;2021-02-28;Sint-Gillis;Saint-Gilles;Arrondissement Brussel-Hoofdstad;Arrondissement de Bruxelles-Capitale;Brussels;Brussels;<5
21014;2021-02-28;Sint-Joost-ten-Node;Saint-Josse-ten-Noode;Arrondissement Brussel-Hoofdstad;Arrondissement de Bruxelles-Capitale;Brussels;Brussels;<5
21015;2021-02-28;Schaarbeek;Schaerbeek;Arrondissement Brussel-Hoofdstad;Arrondissement de Bruxelles-Capitale;Brussels;Brussels;19
21016;2021-02-28;Ukkel;Uccle;Arrondissement Brussel-Hoofdstad;Arrondissement de Bruxelles-Capitale;Brussels;Brussels;6
21017;2021-02-28;Watermaal-Bosvoorde;Watermael-Boitsfort;Arrondissement Brussel-Hoofdstad;Arrondissement de Bruxelles-Capitale;Brussels;Brussels;<5
21018;2021-02-28;Sint-Lambrechts-Woluwe;Woluwe-Saint-Lambert;Arrondissement Brussel-Hoofdstad;Arrondissement de Bruxelles-Capitale;Brussels;Brussels;<5
21019;2021-02-28;Sint-Pieters-Woluwe;Woluwe-Saint-Pierre;Arrondissement Brussel-Hoofdstad;Arrondissement de Bruxelles-Capitale;Brussels;Brussels;6
